Category,Feature ID,Feature Name,Description,Priority,Status,Complexity,Estimated Effort (Days),Dependencies,Notes
Core Features,CF-001,Chat List Management,Display and manage list of all chats (Active, Missed, Closed),High,Required,Medium,15,None,Left sidebar with tabs
Core Features,CF-002,Real-time Messaging,Bidirectional real-time message exchange,High,Required,High,25,WebSocket Infrastructure,WebSocket with fallback
Core Features,CF-003,Visitor Information Panel,Display visitor details, profile, and context,High,Required,Medium,12,Visitor Tracking System,Right sidebar panel
Core Features,CF-004,Conversation Transcript,Display complete conversation history,High,Required,Low,8,Message Storage,Central panel
Core Features,CF-005,Chat Status Management,Manage chat status (Active, Missed, Closed),High,Required,Medium,10,State Management,Status transitions
Core Features,CF-006,Message Composition,Rich text editor for composing messages,High,Required,Medium,10,Rich Text Library,Support attachments
Core Features,CF-007,File Attachments,Upload and share files in chat,High,Required,Medium,12,File Storage Service,Support multiple formats
Core Features,CF-008,Read Receipts,Show message delivery and read status,Medium,Required,Low,5,Message Status Tracking,Checkmarks/icons
Core Features,CF-009,Visitor Profile Display,Show visitor name, ID, location, device info,High,Required,Low,6,Visitor Data Collection,Right sidebar
Core Features,CF-010,Visitor Activity Tracking,Track visitor page views and behavior,Medium,Required,Medium,15,Analytics Integration,Activity timeline
Chat Management,CM-001,Active Chats Tab,Display all active conversations,High,Required,Low,5,CF-001,Left sidebar tab
Chat Management,CM-002,Missed Chats Tab,Display chats that were not responded to,High,Required,Low,5,CF-001,Left sidebar tab
Chat Management,CM-003,Closed Chats Tab,Display completed conversations with count,High,Required,Low,5,CF-001,Left sidebar tab
Chat Management,CM-004,Chat Filtering,Filter chats by date, status, visitor type, tags,Medium,Required,Medium,10,CF-001,Filter UI
Chat Management,CM-005,Chat Sorting,Sort chats by date, priority, last activity,Medium,Required,Low,5,CF-001,Sort options
Chat Management,CM-006,Chat Search,Search chats by visitor name, ID, message content,Medium,Required,Medium,12,Search Engine,Full-text search
Chat Management,CM-007,Chat Highlighting,Highlight currently selected chat,High,Required,Low,2,CF-001,Visual indicator
Chat Management,CM-008,Chat Preview,Show last message snippet in chat list,High,Required,Low,3,CF-001,Message preview
Chat Management,CM-009,Chat Timestamps,Display date and time of last activity,High,Required,Low,2,CF-001,Date formatting
Chat Management,CM-010,Bulk Chat Actions,Select and perform actions on multiple chats,Low,Optional,Medium,8,CF-001,Bulk operations
Conversation Features,CV-001,Message Threading,Organize messages chronologically,High,Required,Low,5,CF-004,Message ordering
Conversation Features,CV-002,Message Avatars,Display avatars for agent and visitor,Medium,Required,Low,3,CF-004,Avatar system
Conversation Features,CV-003,Message Timestamps,Show precise timestamp for each message,High,Required,Low,2,CF-004,Time display
Conversation Features,CV-004,Message Formatting,Support markdown, code blocks, links,Medium,Optional,Medium,8,CF-006,Rich formatting
Conversation Features,CV-005,Emoji Support,Insert and display emojis in messages,Medium,Optional,Low,3,CF-006,Emoji picker
Conversation Features,CV-006,Link Previews,Rich previews for URLs in messages,Low,Optional,Medium,10,URL Preview Service,Link metadata
Conversation Features,CV-007,Message Search,Search within conversation history,Medium,Optional,Medium,10,CF-004,In-conversation search
Conversation Features,CV-008,Export Conversation,Export chat as PDF, CSV, or text,Medium,Optional,Medium,12,CF-004,Export functionality
Conversation Features,CV-009,Print Conversation,Print-friendly conversation format,Low,Optional,Low,4,CF-004,Print styles
Conversation Features,CV-010,Copy Messages,Copy individual or multiple messages,Low,Optional,Low,3,CF-004,Clipboard API
Visitor Information,VI-001,Visitor ID Display,Show unique visitor identifier,High,Required,Low,2,CF-009,Visitor 501650 format
Visitor Information,VI-002,Visitor Name Display,Display visitor name or ID,High,Required,Low,2,CF-009,Name/ID display
Visitor Information,VI-003,Geographic Information,Show country and location,Medium,Required,Low,3,Geolocation Service,IP-based geolocation
Visitor Information,VI-004,Device Information,Display browser, OS, device type,Medium,Required,Low,4,Device Detection,User agent parsing
Visitor Information,VI-005,IP Address Display,Show visitor IP address,Medium,Required,Low,2,CF-009,IP tracking
Visitor Information,VI-006,Visitor Type,Classify as New/Returning/VIP visitor,Medium,Required,Low,3,Visitor Tracking,Type classification
Visitor Information,VI-007,Source Icons,Visual icons for device types,Medium,Required,Low,2,VI-004,Icon library
Visitor Information,VI-008,More Info Link,Expandable detailed information,Medium,Optional,Low,3,CF-009,Expandable section
Visitor Information,VI-009,Activity Timeline,Display visitor activity over time,Medium,Optional,Medium,12,VI-010,Timeline visualization
Visitor Information,VI-010,Page Views Tracking,Track pages visited before chat,Medium,Optional,Medium,10,Analytics Integration,Page tracking
Visitor Information,VI-011,Session Duration,Time spent on website,Medium,Optional,Low,4,Analytics Integration,Session tracking
Visitor Information,VI-012,Previous Chats,History of all previous conversations,High,Required,Medium,10,CF-001,Chat history lookup
Visitor Information,VI-013,No Activity State,Message when no activity data available,Low,Required,Low,1,VI-009,Empty state
Summary & Analytics,SA-001,Summary Tab,Display conversation summary section,High,Required,Low,3,AI Summary Service,Tab navigation
Summary & Analytics,SA-002,AI-Powered Summaries,Automatic conversation summarization,High,Optional,High,20,AI/ML Service,Natural language processing
Summary & Analytics,SA-003,Summary Enable/Disable,Toggle summary generation on/off,Medium,Required,Low,2,SA-002,Configuration option
Summary & Analytics,SA-004,Key Points Extraction,Identify main topics and issues,Medium,Optional,High,15,AI/ML Service,Topic extraction
Summary & Analytics,SA-005,Sentiment Analysis,Analyze conversation sentiment,Medium,Optional,High,15,AI/ML Service,Sentiment scoring
Summary & Analytics,SA-006,Resolution Status,Track if issue was resolved,Medium,Optional,Medium,8,Manual/Auto tagging,Resolution tracking
Summary & Analytics,SA-007,Summary Tags,Auto-tag conversations,Medium,Optional,Medium,10,Tagging System,Auto-tagging
Summary & Analytics,SA-008,Summary Export,Export summaries for reporting,Low,Optional,Low,5,SA-001,Export functionality
Ratings & Feedback,RF-001,Ratings Tab,Display ratings and feedback section,High,Required,Low,3,Feedback System,Tab navigation
Ratings & Feedback,RF-002,Post-Chat Surveys,Collect visitor feedback after chat,High,Optional,Medium,12,Survey System,Survey forms
Ratings & Feedback,RF-003,Star Rating System,5-star rating system,Medium,Optional,Low,5,RF-001,Rating UI
Ratings & Feedback,RF-004,NPS Score,Net Promoter Score collection,Medium,Optional,Low,5,RF-001,NPS calculation
Ratings & Feedback,RF-005,Feedback Forms,Customizable feedback forms,Medium,Optional,Medium,10,Form Builder,Form customization
Ratings & Feedback,RF-006,Agent Ratings,Rate individual agent performance,Medium,Optional,Medium,8,RF-001,Agent-specific ratings
Ratings & Feedback,RF-007,Feedback Analysis,Analyze feedback trends,Medium,Optional,Medium,12,Analytics Integration,Feedback analytics
Ratings & Feedback,RF-008,Feedback Reports,Generate feedback analytics reports,Low,Optional,Medium,10,RF-007,Report generation
Conversation Info,CI-001,Conversation Info Tab,Display conversation metadata tab,High,Required,Low,3,Metadata System,Tab navigation
Conversation Info,CI-002,Chat Duration,Total conversation time,Medium,Required,Low,3,Time Tracking,Duration calculation
Conversation Info,CI-003,Message Count,Number of messages exchanged,Medium,Required,Low,2,CF-004,Message counting
Conversation Info,CI-004,Response Times,Average response times,Medium,Required,Medium,8,Time Tracking,Response time calculation
Conversation Info,CI-005,First Response Time,Time to first agent response,High,Required,Medium,8,Time Tracking,SLA metric
Conversation Info,CI-006,Resolution Time,Time to resolve issue,Medium,Optional,Medium,8,Time Tracking,Resolution tracking
Conversation Info,CI-007,Conversation Tags,Applied tags and categories,Medium,Required,Low,4,Tagging System,Tag management
Conversation Info,CI-008,Agent Information,Assigned agent details,High,Required,Low,3,Agent Management,Agent display
Conversation Info,CI-009,Transfer History,History of chat transfers,Medium,Optional,Medium,8,Transfer System,Transfer tracking
Conversation Info,CI-010,Attachments List,All files shared in conversation,Medium,Required,Low,4,CF-007,File listing
Notes & Internal,NT-001,Notes Tab,Display notes section,High,Required,Low,3,Notes System,Tab navigation
Notes & Internal,NT-002,Private Notes,Notes visible only to assigned agent,High,Required,Medium,8,Notes System,Privacy control
Notes & Internal,NT-003,Team Notes,Shared notes for team visibility,Medium,Optional,Medium,8,Notes System,Team sharing
Notes & Internal,NT-004,Note Templates,Pre-defined note templates,Low,Optional,Low,5,NT-001,Template system
Notes & Internal,NT-005,Note History,Track all notes with timestamps,Medium,Required,Low,4,NT-001,History tracking
Notes & Internal,NT-006,Note Search,Search notes across conversations,Medium,Optional,Medium,10,Search Engine,Note search
Notes & Internal,NT-007,Note Attachments,Attach files to notes,Low,Optional,Medium,8,CF-007,File attachments
Notes & Internal,NT-008,Add Note Button,Create new note functionality,High,Required,Low,2,NT-001,Note creation
Notes & Internal,NT-009,Note Editor,Rich text editor for notes,Medium,Required,Medium,8,CF-006,Rich text
Notes & Internal,NT-010,Note Categories,Categorize notes,Low,Optional,Low,4,NT-001,Category system
Chat Status & Controls,CS-001,Chat Header,Display chat ID and tags in header,High,Required,Low,4,CF-001,Header section
Chat Status & Controls,CS-002,Chat Tags Display,Show tags like "demo testing for chat",High,Required,Low,3,Tagging System,Tag display
Chat Status & Controls,CS-003,Agent/Bot Display,Show current agent or bot handling chat,High,Required,Low,3,Agent Management,Agent display
Chat Status & Controls,CS-004,Action Menu,Three-dot menu for actions,Medium,Required,Low,3,Context Menu,Menu system
Chat Status & Controls,CS-005,Expand/Collapse,Toggle panel size,Low,Optional,Low,2,UI Controls,Panel resizing
Chat Status & Controls,CS-006,Transfer Button,Transfer chat to another agent,High,Required,Medium,10,Transfer System,Transfer functionality
Chat Status & Controls,CS-007,Close Button,End conversation,High,Required,Low,3,CF-005,Close action
Chat Status & Controls,CS-008,Active Indicator,Green dot for active chats,Medium,Required,Low,2,CF-005,Status indicator
Chat Status & Controls,CS-009,Idle Warning,Alert when chat is idle,Medium,Required,Medium,8,Idle Detection,Timeout handling
Chat Status & Controls,CS-010,Completion Status,"CHAT COMPLETED" badge,High,Required,Low,2,CF-005,Status badge
Chat Status & Controls,CS-011,End Reason,Why chat ended (timeout, manual, etc.),High,Required,Low,3,CF-005,End reason tracking
Chat Status & Controls,CS-012,Idle Timeout,Automatic chat closure on idle timeout,High,Required,Medium,10,Idle Detection,Timeout configuration
Chat Status & Controls,CS-013,Duration Display,Total chat duration,Medium,Required,Low,3,CI-002,Duration display
Advanced Features,AF-001,Multi-Chat Handling,Agent can handle multiple chats simultaneously,High,Required,Medium,15,CF-001,Multi-window support
Advanced Features,AF-002,Chat Assignment,Auto or manual chat assignment to agents,High,Required,Medium,15,Agent Management,Assignment logic
Advanced Features,AF-003,Skill-Based Routing,Route chats to agents with specific expertise,Medium,Optional,High,20,AF-002,Skill matching
Advanced Features,AF-004,Priority Queuing,Handle high-priority chats first,Medium,Optional,Medium,12,AF-002,Priority system
Advanced Features,AF-005,Load Balancing,Distribute chats evenly across agents,Medium,Optional,Medium,15,AF-002,Load distribution
Advanced Features,AF-006,Typing Indicators,Show when agent/visitor is typing,Medium,Required,Low,5,CF-002,Typing events
Advanced Features,AF-007,Quick Replies,Pre-defined response templates,Medium,Optional,Medium,10,CF-006,Template system
Advanced Features,AF-008,Canned Responses,Save and reuse common responses,Medium,Optional,Medium,12,CF-006,Response library
Advanced Features,AF-009,Draft Messages,Auto-save message drafts,Low,Optional,Low,4,CF-006,Draft storage
Advanced Features,AF-010,Message Reactions,React to messages with emojis,Low,Optional,Medium,8,CF-004,Reaction system
Advanced Features,AF-011,Chatbot Integration,AI-powered automated responses,Medium,Optional,High,25,AI Service,Bot integration
Advanced Features,AF-012,Auto-Responses,Automatic greeting and acknowledgment,Medium,Optional,Medium,10,AF-011,Auto-messaging
Advanced Features,AF-013,Smart Suggestions,AI-suggested responses,Low,Optional,High,20,AI Service,Response suggestions
Advanced Features,AF-014,Language Detection,Auto-detect visitor language,Low,Optional,Medium,10,Language Service,Language detection
Advanced Features,AF-015,Translation,Real-time translation support,Low,Optional,High,25,Translation Service,Multi-language
Advanced Features,AF-016,Intent Recognition,Understand visitor intent,Low,Optional,High,20,AI Service,Intent analysis
Advanced Features,AF-017,Multi-Channel Support,Support web, mobile, social media,Medium,Optional,High,30,Channel Integration,Multiple channels
Advanced Features,AF-018,Email Integration,Convert emails to chats,Low,Optional,Medium,15,Email Service,Email parsing
Advanced Features,AF-019,SMS Support,Text message integration,Low,Optional,Medium,15,SMS Gateway,SMS handling
Advanced Features,AF-020,Social Media Integration,Facebook, Twitter, WhatsApp,Low,Optional,High,30,Social APIs,Platform integration
Technical Infrastructure,TI-001,WebSocket Infrastructure,Real-time communication infrastructure,High,Required,High,20,None,Core infrastructure
Technical Infrastructure,TI-002,Message Queue,Distributed message queue system,High,Required,High,15,None,Message reliability
Technical Infrastructure,TI-003,Database Design,Optimized database schema,High,Required,High,20,None,Data modeling
Technical Infrastructure,TI-004,Caching Layer,Redis caching for performance,High,Required,Medium,10,None,Performance optimization
Technical Infrastructure,TI-005,Load Balancer,Distribute load across servers,High,Required,Medium,10,None,High availability
Technical Infrastructure,TI-006,File Storage,Cloud storage for attachments,High,Required,Medium,12,Cloud Storage,File management
Technical Infrastructure,TI-007,Search Engine,Full-text search capability,Medium,Required,Medium,15,Search Service,Search functionality
Technical Infrastructure,TI-008,Analytics Engine,Data collection and processing,Medium,Required,High,20,Analytics Service,Data analytics
Technical Infrastructure,TI-009,API Gateway,API management and routing,High,Required,Medium,12,None,API infrastructure
Technical Infrastructure,TI-010,Monitoring System,Health monitoring and alerting,High,Required,Medium,15,Monitoring Tools,System health
Security & Compliance,SC-001,End-to-End Encryption,Encrypt messages end-to-end,High,Optional,High,20,Encryption Service,Security
Security & Compliance,SC-002,TLS/SSL,Encrypt data in transit,High,Required,Low,5,SSL Certificates,Transport security
Security & Compliance,SC-003,Data Encryption at Rest,Encrypt stored data,High,Required,Medium,10,Encryption Service,Storage security
Security & Compliance,SC-004,Authentication System,User authentication,High,Required,Medium,12,Auth Service,Login system
Security & Compliance,SC-005,Role-Based Access Control,Control access by roles,High,Required,Medium,15,SC-004,Permission system
Security & Compliance,SC-006,Audit Logging,Log all system actions,High,Required,Medium,12,Logging System,Audit trail
Security & Compliance,SC-007,GDPR Compliance,European data protection,Medium,Required,High,25,Legal Compliance,Privacy
Security & Compliance,SC-008,CCPA Compliance,California privacy compliance,Medium,Required,High,25,Legal Compliance,Privacy
Security & Compliance,SC-009,Data Retention Policies,Configurable data retention,Medium,Required,Medium,10,Data Management,Retention rules
Security & Compliance,SC-010,Data Export,Allow users to export their data,Medium,Required,Medium,10,Data Management,User rights
Scalability,SCL-001,Horizontal Scaling,Scale across multiple servers,High,Required,High,25,TI-005,Multi-server support
Scalability,SCL-002,Database Sharding,Shard database for scale,Medium,Optional,High,30,TI-003,Data distribution
Scalability,SCL-003,Connection Pooling,Efficient connection management,High,Required,Medium,10,TI-001,Resource optimization
Scalability,SCL-004,Message Batching,Batch messages for efficiency,Medium,Optional,Medium,10,TI-002,Performance optimization
Scalability,SCL-005,CDN Integration,Content delivery network,Medium,Optional,Medium,8,CDN Service,Static assets
Scalability,SCL-006,Database Replication,Replicate database for availability,High,Required,High,20,TI-003,High availability
Scalability,SCL-007,Message Compression,Compress messages for efficiency,Low,Optional,Low,5,TI-002,Size optimization
Scalability,SCL-008,Lazy Loading,Load data on demand,Medium,Required,Medium,10,None,Performance optimization
Scalability,SCL-009,Pagination,Paginate large result sets,High,Required,Low,5,None,Data pagination
Scalability,SCL-010,Virtual Scrolling,Efficient rendering for large lists,Medium,Optional,Medium,10,CF-001,UI optimization
Integration,INT-001,REST API,Comprehensive REST API,High,Required,High,25,TI-009,API development
Integration,INT-002,Webhook Support,Event-driven webhooks,Medium,Required,Medium,15,Event System,Webhook system
Integration,INT-003,CRM Integration,Connect with CRM systems,Medium,Optional,High,25,CRM APIs,CRM connectivity
Integration,INT-004,Help Desk Integration,Integrate with help desk,Low,Optional,Medium,15,Help Desk APIs,Ticket system
Integration,INT-005,Analytics Integration,Connect with analytics tools,Medium,Optional,Medium,15,Analytics APIs,Data export
Integration,INT-006,Widget Customization,Customize chat widget,Medium,Required,Medium,12,Widget System,UI customization
Integration,INT-007,SDK Development,Software development kits,Medium,Optional,High,30,INT-001,Developer tools
Integration,INT-008,Third-Party Apps,Support third-party applications,Low,Optional,Medium,20,INT-001,App ecosystem
Analytics & Reporting,AR-001,Real-Time Dashboard,Display key metrics in real-time,High,Required,High,20,TI-008,Dashboard UI
Analytics & Reporting,AR-002,Agent Performance Reports,Individual and team metrics,High,Required,Medium,15,TI-008,Performance tracking
Analytics & Reporting,AR-003,Response Time Analytics,Analyze response times,High,Required,Medium,12,TI-008,Time analysis
Analytics & Reporting,AR-004,Satisfaction Metrics,CSAT and NPS tracking,High,Required,Medium,12,RF-001,Satisfaction tracking
Analytics & Reporting,AR-005,Chat Volume Reports,Chats over time,Medium,Required,Medium,10,TI-008,Volume analysis
Analytics & Reporting,AR-006,Custom Reports,Create custom reports,Medium,Optional,High,25,AR-001,Report builder
Analytics & Reporting,AR-007,Scheduled Reports,Automated report delivery,Low,Optional,Medium,12,AR-001,Automation
Analytics & Reporting,AR-008,Export Reports,CSV, PDF, Excel export,Medium,Required,Low,8,AR-001,Export functionality
Analytics & Reporting,AR-009,Data Visualization,Charts and graphs,Medium,Required,Medium,15,Visualization Library,Charting
Analytics & Reporting,AR-010,KPI Tracking,Key performance indicators,High,Required,Medium,15,TI-008,Metric tracking
User Experience,UX-001,Responsive Design,Mobile and tablet support,High,Required,Medium,20,None,Responsive UI
User Experience,UX-002,Keyboard Shortcuts,Keyboard navigation and shortcuts,Medium,Optional,Medium,10,None,Accessibility
User Experience,UX-003,Theme Customization,Customizable themes,Low,Optional,Low,8,None,UI themes
User Experience,UX-004,Notification System,Desktop and browser notifications,Medium,Required,Medium,12,Notification Service,Alerts
User Experience,UX-005,Sound Notifications,Audio alerts for new messages,Medium,Optional,Low,3,UX-004,Audio feedback
User Experience,UX-006,Offline Support,Handle offline scenarios,Medium,Required,Medium,15,CF-002,Offline mode
User Experience,UX-007,Error Handling,Graceful error handling,High,Required,Medium,10,None,Error management
User Experience,UX-008,Loading States,Show loading indicators,High,Required,Low,5,None,UI feedback
User Experience,UX-009,Empty States,Handle empty data states,Medium,Required,Low,5,None,UI states
User Experience,UX-010,Accessibility,WCAG compliance,Medium,Required,Medium,15,None,Accessibility standards

